,Unnamed: 0,FILE TYPE,SKU,AVAILABLE,QTY,NEXT AVAILABLE QTY,NEXT AVAILABLE DATE,MANUFACTURER,MANUFACTURER SKU,DESCRIPTION,UNIT COST,UNIT COST 2,UNIT COST 3,UNIT COST 4,DISCONTINUED,DISCONTINUED DATE,AVAILABILITY START DATE,AVAILABILITY END DATE,MIN DAYS TO SHIP,MAX DAYS TO SHIP,CONDITION CODE,MERCH. DEPT.,UNIT OF MEASURE,MERCHANT SKU,MERCHANT,GS1 ID,Warehouse 1 ID,Warehouse 1 QTY,Warehouse 1 Next Available QTY,Warehouse 1 Next Available Date,Warehouse 2 ID,Warehouse 2 QTY,Warehouse 2 Next Available QTY,Warehouse 2 Next Available DATE,Warehouse 3 ID,Warehouse 3 QTY,Warehouse 3 Next Available QTY,Warehouse 3 Next Available DATE,Warehouse 4 ID,Warehouse 4 QTY,Warehouse 4 Next Available QTY,Warehouse 4 Next Available Date,Warehouse 5 ID,Warehouse 5 QTY,Warehouse 5 Next Available QTY
0,0,IN,K1136-#44,No,0,,,,,Parsons Red and Cream Toile Upholstered Dining Chair,,,,,,,,,,,,,,307976282,THEHOMEDEPOT,,KFHQ,0,,,KFNJ,0,,,,,,,,,,,,,
1,1,IN,K1136-F662,No,0,,,,,Parsons Chocolate Brown and Blue Damask Upholstered Dining Chair,,,,,,,,,,,,,,307976283,THEHOMEDEPOT,,KFHQ,0,,,KFNJ,0,,,,,,,,,,,,,
2,2,IN,K1136-F765,Yes,105,,,,,Parsons Red and Gold Damask Upholstered Dining Chair,,,,,,,,,,,,,,307976278,THEHOMEDEPOT,,KFHQ,0,,,KFNJ,0,,,,,,,,,,,,,
3,3,IN,K1136-F772,Yes,43,,,,,Parsons Brown Textured Solid Woven Upholstered Dining Chair,,,,,,,,,,,,,,307976280,THEHOMEDEPOT,,KFHQ,10,,,KFNJ,0,,,,,,,,,,,,,
4,4,IN,K1136-F975,Yes,20,,,,,Parsons Textured Sage Floral Chenille Upholstered Dining Chair,,,,,,,,,,,,,,307976272,THEHOMEDEPOT,,KFHQ,10,,,KFNJ,0,,,,,,,,,,,,,
5,5,IN,K1401.29-F772,No,0,,,,,,,,,,,,,,,,,,,302552106,THEHOMEDEPOT,,KFHQ,0,,,KFNJ,0,,,,,,,,,,,,,
6,6,IN,K1401-24-E073,Yes,49,,,,,luxury blackless 24 in. Black Bar Stool,,,,,,,,,,,,,,306903952,THEHOMEDEPOT,,KFHQ,0,,,KFNJ,0,,,,,,,,,,,,,
7,7,IN,K1401-24-E074,Yes,10,,,,,luxury brownless 24 in. Brown and Tan Bar Stool,,,,,,,,,,,,,,306903953,THEHOMEDEPOT,,KFHQ,10,,,KFNJ,0,,,,,,,,,,,,,
8,8,IN,K1401-29-E073,Yes,52,,,,,luxury blackless 29 in. Black Bar Stool,,,,,,,,,,,,,,306903948,THEHOMEDEPOT,,KFHQ,20,,,KFNJ,0,,,,,,,,,,,,,
9,9,IN,K1401-29-E074,No,0,,,,,luxury brownless 29 in. Brown Bar Stool,,,,,,,,,,,,,,306903950,THEHOMEDEPOT,,KFHQ,0,,,KFNJ,0,,,,,,,,,,,,,
10,10,IN,K2380-E155,Yes,163,,,,,Luxury Large Brown Faux Leather Ottoman with Storage 15.75 in. Height X 28 in. Width X 28 in. Depth,,,,,,,,,,,,,,314981726,THEHOMEDEPOT,,KFHQ,0,,,KFNJ,0,,,,,,,,,,,,,
11,11,IN,K2380-E169,No,0,,,,,,,,,,,,,,,,,,,303707203,THEHOMEDEPOT,,KFHQ,0,,,KFNJ,0,,,,,,,,,,,,,
12,12,IN,K2984-A835,No,0,,,,,Meredith Indigo Distressed Blue Damask Upholstered Dining Chair,,,,,,,,,,,,,,307976268,THEHOMEDEPOT,,KFHQ,0,,,KFNJ,0,,,,,,,,,,,,,
13,13,IN,K2984-F2275,Yes,42,,,,,,,,,,,,,,,,,,,307976248,THEHOMEDEPOT,,KFHQ,0,,,KFNJ,0,,,,,,,,,,,,,
14,14,IN,K2984-F2277,No,0,,,,,,,,,,,,,,,,,,,307976237,THEHOMEDEPOT,,KFHQ,0,,,KFNJ,0,,,,,,,,,,,,,
15,15,IN,K4004.24,No,0,,,,,"24"" Tristan Counter Stool",,,,,,,,,,,,,,306903944,THEHOMEDEPOT,,KFHQ,4,,,KFNJ,0,,,,,,,,,,,,,
16,16,IN,K4004.24-F2111,No,0,,,,,Tristan Metal 24 in. Black Bar Stool,,,,,,,,,,,,,,306903946,THEHOMEDEPOT,,KFHQ,0,,,KFNJ,0,,,,,,,,,,,,,
17,17,IN,K4286-E844,Yes,10,,,,,Faux Leather Square 24 in. Gray Bar Stool,,,,,,,,,,,,,,306903940,THEHOMEDEPOT,,KFHQ,10,,,KFNJ,0,,,,,,,,,,,,,
18,18,IN,K4286-E848,No,0,,,,,Faux Leather Square 24 in. Cream Bar Stool,,,,,,,,,,,,,,306903937,THEHOMEDEPOT,,KFHQ,0,,,KFNJ,0,,,,,,,,,,,,,
19,19,IN,K4286-E886,No,0,,,,,Tufted Faux Leather 24 in. Taupe Bar Stool,,,,,,,,,,,,,,306903903,THEHOMEDEPOT,,KFHQ,0,,,KFNJ,0,,,,,,,,,,,,,
20,20,IN,K4638-A765,No,0,,,,,Printed Gray Medallion Parker Accent Chair and Pillow,,,,,,,,,,,,,,306580781,THEHOMEDEPOT,,KFHQ,0,,,KFNJ,0,,,,,,,,,,,,,
21,21,IN,K4638-A847,Yes,10,,,,,Gray Cheetah Parker Accent Chair with Pillow,,,,,,,,,,,,,,306580785,THEHOMEDEPOT,,KFHQ,10,,,KFNJ,0,,,,,,,,,,,,,
22,22,IN,K4638-F1319,No,0,,,,,Swirl Pattern in Teal Parker Accent Chair and Pillow,,,,,,,,,,,,,,306580772,THEHOMEDEPOT,,KFHQ,0,,,KFNJ,0,,,,,,,,,,,,,
23,23,IN,K4638-F2244,No,0,,,,,Modern Geo Textured Gray Parker Accent Chair with Pillow,,,,,,,,,,,,,,306580775,THEHOMEDEPOT,,KFHQ,4,,,KFNJ,0,,,,,,,,,,,,,
24,24,IN,K4638-F2245,No,0,,,,,Modern Geo Textured Melon Parker Accent Chair with Pillow,,,,,,,,,,,,,,306580766,THEHOMEDEPOT,,KFHQ,0,,,KFNJ,0,,,,,,,,,,,,,
25,25,IN,K4638-F2246,Yes,32,,,,,Modern Geo Textured Navy Parker Accent Chair with Pillow,,,,,,,,,,,,,,306580769,THEHOMEDEPOT,,KFHQ,20,,,KFNJ,0,,,,,,,,,,,,,
26,26,IN,K4638-F2247,Yes,10,,,,,Modern Geo Textured Teal Parker Accent Chair with Pillow,,,,,,,,,,,,,,306580762,THEHOMEDEPOT,,KFHQ,10,,,KFNJ,0,,,,,,,,,,,,,
27,27,IN,K4710-F696,Yes,20,,,,,,,,,,,,,,,,,,,303705541,THEHOMEDEPOT,,KFHQ,10,,,KFNJ,0,,,,,,,,,,,,,
28,28,IN,K5508-E676,Yes,50,,,,,,,,,,,,,,,,,,,303705513,THEHOMEDEPOT,,KFHQ,0,,,KFNJ,0,,,,,,,,,,,,,
29,29,IN,K5668NP-F1289,Yes,41,,,,,16.75 in. H x 35.5 in. W 19.5 in. D Large Rectangle Red Bench with Nailhead Trim and Storage,,,,,,,,,,,,,,314981720,THEHOMEDEPOT,,KFHQ,20,,,KFNJ,0,,,,,,,,,,,,,
30,30,IN,K5668NP-F1399,Yes,89,,,,,16.75 in. H x 35.5 in. W x 19.5 in. D Large Rectangle Tan Bench with Nailhead Trim and Storage,,,,,,,,,,,,,,314981716,THEHOMEDEPOT,,KFHQ,0,,,KFNJ,0,,,,,,,,,,,,,
31,31,IN,K5668NP-F1438,Yes,38,,,,,16.75 in. H x 35.5 in. W x 19.5 in. D Large Rectangle Cerulean Blue Bench with Nailhead Trim and Storage,,,,,,,,,,,,,,314981711,THEHOMEDEPOT,,KFHQ,0,,,KFNJ,0,,,,,,,,,,,,,
32,32,IN,K6138-B230,Yes,10,,,,,Ainsley Button Tufted Cream Bench with Storage 18 in. Height X 40 in. Width X 18 in. Depth,,,,,,,,,,,,,,314981707,THEHOMEDEPOT,,KFHQ,0,,,KFNJ,0,,,,,,,,,,,,,
33,33,IN,K6138-B231,Yes,32,,,,,Ainsley Button Tufted Gray Bench with Storage 18 in. Height X 40 in. Width X 18 in. Depth,,,,,,,,,,,,,,314981703,THEHOMEDEPOT,,KFHQ,0,,,KFNJ,0,,,,,,,,,,,,,
34,34,IN,K6138-F1289,Yes,20,,,,,Ainsley Button Tufted Cranberry Bench with Storage 18 in. Height X 40 in. Width X 18 in. Depth,,,,,,,,,,,,,,314981731,THEHOMEDEPOT,,KFHQ,10,,,KFNJ,0,,,,,,,,,,,,,
35,35,IN,K6138-F1386,Yes,84,,,,,,,,,,,,,,,,,,,303705463,THEHOMEDEPOT,,KFHQ,0,,,KFNJ,0,,,,,,,,,,,,,
36,36,IN,K6159-F1332,Yes,158,,,,,,,,,,,,,,,,,,,303705217,THEHOMEDEPOT,,KFHQ,0,,,KFNJ,0,,,,,,,,,,,,,
37,37,IN,K6159-F2346,Yes,20,,,,,Large Herringbone Taupe and Cream Bench with Nailhead Trim and Storage 18 in. Height X 42 in. Width X 18 in. Depth,,,,,,,,,,,,,,314981737,THEHOMEDEPOT,,KFHQ,10,,,KFNJ,0,,,,,,,,,,,,,
38,38,IN,K6171-B117,Yes,50,,,,,,,,,,,,,,,,,,,313029610,THEHOMEDEPOT,,KFHQ,20,,,KFNJ,0,,,,,,,,,,,,,
39,39,IN,K6171-B119,No,0,,,,,,,,,,,,,,,,,,,313029622,THEHOMEDEPOT,,KFHQ,0,,,KFNJ,0,,,,,,,,,,,,,
40,40,IN,K6171-B122,Yes,212,,,,,,,,,,,,,,,,,,,313029628,THEHOMEDEPOT,,KFHQ,0,,,KFNJ,0,,,,,,,,,,,,,
41,41,IN,K6171-B204,No,0,,,,,Purple Velvet Tufted Round Ottoman with Storage 18 in. Height x 19 in. Width,,,,,,,,,,,,,,313029884,THEHOMEDEPOT,,KFHQ,0,,,KFNJ,0,,,,,,,,,,,,,
42,42,IN,K6171-B214,Yes,84,,,,,Light Gray Velvet Tufted Round Ottoman with Storage 18 in. Height x 19 in. Width,,,,,,,,,,,,,,313029885,THEHOMEDEPOT,,KFHQ,20,,,KFNJ,0,,,,,,,,,,,,,
43,43,IN,K6171-B215,Yes,100,,,,,Dark Blue Velvet Tufted Round Ottoman with Storage 18 in. Height x 19 in. Width,,,,,,,,,,,,,,313029889,THEHOMEDEPOT,,KFHQ,0,,,KFNJ,0,,,,,,,,,,,,,
44,44,IN,K6171-B228,Yes,124,,,,,Green Velvet Tufted Round Ottoman with Storage 18 in. Height x 19 in. Width,,,,,,,,,,,,,,313029891,THEHOMEDEPOT,,KFHQ,0,,,KFNJ,0,,,,,,,,,,,,,
45,45,IN,K6171-B229,No,0,,,,,Dark Gray Velvet Tufted Round Ottoman with Storage 18 in. Height x 19 in. Width,,,,,,,,,,,,,,313029894,THEHOMEDEPOT,,KFHQ,0,,,KFNJ,0,,,,,,,,,,,,,
46,46,IN,K6171-B247,Yes,70,,,,,Cream Velvet Tufted Round Ottoman with Storage 18 in. Height x 19 in. Width,,,,,,,,,,,,,,313029897,THEHOMEDEPOT,,KFHQ,0,,,KFNJ,0,,,,,,,,,,,,,
47,47,IN,K6189-F1370,Yes,41,,,,,,,,,,,,,,,,,,,303705453,THEHOMEDEPOT,,KFHQ,0,,,KFNJ,0,,,,,,,,,,,,,
48,48,IN,K6211-B119,Yes,40,,,,,Velvet Tufted Berry Bench / Settee with Storage 23 in. Height X 50 in. Width X 18 in. Depth,,,,,,,,,,,,,,314981725,THEHOMEDEPOT,,KFHQ,0,,,KFNJ,0,,,,,,,,,,,,,
49,49,IN,K6211-B122,Yes,43,,,,,Velvet Tufted Teal Bench / Settee with Storage  23 in. Height X 50 in. Width X 18 in. Depth,,,,,,,,,,,,,,314981719,THEHOMEDEPOT,,KFHQ,0,,,KFNJ,0,,,,,,,,,,,,,
50,50,IN,K6211-B214,Yes,65,,,,,Velvet Tufted Light Gray Bench / Settee with Storage 23 in. Height X 50 in. Width X 18 in. Depth,,,,,,,,,,,,,,314981715,THEHOMEDEPOT,,KFHQ,0,,,KFNJ,0,,,,,,,,,,,,,
51,51,IN,K6211-B215,Yes,10,,,,,Velvet Tufted Dark Navy Blue Bench / Settee with Storage 23 in. H x 50 in. W x 18 in. D,,,,,,,,,,,,,,314981710,THEHOMEDEPOT,,KFHQ,10,,,KFNJ,0,,,,,,,,,,,,,
52,52,IN,K6377-F1374,Yes,51,,,,,,,,,,,,,,,,,,,303705581,THEHOMEDEPOT,,KFHQ,0,,,KFNJ,0,,,,,,,,,,,,,
53,53,IN,K6378-F1374,Yes,20,,,,,,,,,,,,,,,,,,,303699027,THEHOMEDEPOT,,KFHQ,10,,,KFNJ,0,,,,,,,,,,,,,
54,54,IN,K6380-F1326,Yes,20,,,,,,,,,,,,,,,,,,,303699037,THEHOMEDEPOT,,KFHQ,0,,,KFNJ,0,,,,,,,,,,,,,
55,55,IN,K6380-F2099,Yes,10,,,,,,,,,,,,,,,,,,,303146496,THEHOMEDEPOT,,KFHQ,0,,,KFNJ,0,,,,,,,,,,,,,
56,56,IN,K6380-F2164,No,0,,,,,,,,,,,,,,,,,,,303147505,THEHOMEDEPOT,,KFHQ,0,,,KFNJ,0,,,,,,,,,,,,,
57,57,IN,K6381-A727,Yes,20,,,,,Multi-Color paisley Susan Armless Accent Chair/ Ottoman Set,,,,,,,,,,,,,,306580764,THEHOMEDEPOT,,KFHQ,0,,,KFNJ,0,,,,,,,,,,,,,
58,58,IN,K6384NP-A750,Yes,140,,,,,Drake Large Decorative Blue Slate Bench with Storage 18 in. Height X 36 in. Width X 16 in. Depth,,,,,,,,,,,,,,314981706,THEHOMEDEPOT,,KFHQ,0,,,KFNJ,0,,,,,,,,,,,,,
59,59,IN,K6384NP-F2052,Yes,20,,,,,Drake Large Decorative Gray Geo Bench with Storage 18 in. Height X 36 in. Width X 16 in. Depth,,,,,,,,,,,,,,314981729,THEHOMEDEPOT,,KFHQ,0,,,KFNJ,0,,,,,,,,,,,,,
60,60,IN,K6384NP-F2055,Yes,20,,,,,Drake Large Decorative Teal Bench with Storage 18 in. Height X 36 in. Width X 16 in. Depth,,,,,,,,,,,,,,314981735,THEHOMEDEPOT,,KFHQ,0,,,KFNJ,0,,,,,,,,,,,,,
61,61,IN,K6384NP-F2244,No,0,,,,,Large Textured Storage Bench Gray 18 in. Height X 36 in. Width X 16 in. Depth,,,,,,,,,,,,,,314981718,THEHOMEDEPOT,,KFHQ,0,,,KFNJ,0,,,,,,,,,,,,,
62,62,IN,K6384NP-F2246,Yes,10,,,,,Large Textured Storage Bench Navy 18 in. H x 36 in. W x 16 in. D,,,,,,,,,,,,,,314981713,THEHOMEDEPOT,,KFHQ,10,,,KFNJ,0,,,,,,,,,,,,,
63,63,IN,K6384NP-F2262,Yes,41,,,,,Large Decorative Storage Bench Black Plaid 18 in. Height X 36 in. Width X 16 in. Depth,,,,,,,,,,,,,,314981709,THEHOMEDEPOT,,KFHQ,20,,,KFNJ,0,,,,,,,,,,,,,
64,64,IN,K6410-F1423,No,0,,,,,HomePop Entryway Bench,,,,,,,,,,,,,,308391517,THEHOMEDEPOT,,KFHQ,0,,,KFNJ,0,,,,,,,,,,,,,
65,65,IN,K6444-A755,Yes,20,,,,,Large Decorative Grey Diamond Bench with Storage 17 in. Height X 38 in. Width X 18 in. Depth,,,,,,,,,,,,,,314981705,THEHOMEDEPOT,,KFHQ,10,,,KFNJ,0,,,,,,,,,,,,,
66,66,IN,K6499-A750,Yes,54,,,,,Global Damask Suri Blue Classic Swoop Accent Chair,,,,,,,,,,,,,,306580756,THEHOMEDEPOT,,KFHQ,0,,,KFNJ,0,,,,,,,,,,,,,
67,67,IN,K6499-A769,Yes,20,,,,,Gray Trellis Finley Swoop Arm Accent Chair,,,,,,,,,,,,,,306580728,THEHOMEDEPOT,,KFHQ,0,,,KFNJ,0,,,,,,,,,,,,,
68,68,IN,K6499-A793,Yes,20,,,,,"Tan, Yellow and Cream Damask Suri Swoop Arm Accent Chair",,,,,,,,,,,,,,306580716,THEHOMEDEPOT,,KFHQ,0,,,KFNJ,0,,,,,,,,,,,,,
69,69,IN,K6499-A794,Yes,10,,,,,Blue Jacobean Printed on Tan Fabric Lexie Swoop Arm Accent Chair,,,,,,,,,,,,,,306580718,THEHOMEDEPOT,,KFHQ,0,,,KFNJ,0,,,,,,,,,,,,,
70,70,IN,K6499-A810,Yes,45,,,,,Distressed Cream and Gray Vintage Stencil Classic Swoop Arm Accent Chair,,,,,,,,,,,,,,306580720,THEHOMEDEPOT,,KFHQ,20,,,KFNJ,0,,,,,,,,,,,,,
71,71,IN,K6499-A823,No,0,,,,,Printed Blue Trellis Bella Swoop Accent Chair,,,,,,,,,,,,,,306580722,THEHOMEDEPOT,,KFHQ,0,,,KFNJ,0,,,,,,,,,,,,,
72,72,IN,K6499-B117,Yes,45,,,,,,,,,,,,,,,,,,,302772069,THEHOMEDEPOT,,KFHQ,0,,,KFNJ,0,,,,,,,,,,,,,
73,73,IN,K6499-B119,Yes,20,,,,,,,,,,,,,,,,,,,302772070,THEHOMEDEPOT,,KFHQ,0,,,KFNJ,0,,,,,,,,,,,,,
74,74,IN,K6499-B122,Yes,20,,,,,,,,,,,,,,,,,,,302772075,THEHOMEDEPOT,,KFHQ,0,,,KFNJ,0,,,,,,,,,,,,,
75,75,IN,K6499-B214,Yes,44,,,,,,,,,,,,,,,,,,,302772076,THEHOMEDEPOT,,KFHQ,0,,,KFNJ,0,,,,,,,,,,,,,
76,76,IN,K6499-B215,Yes,73,,,,,,,,,,,,,,,,,,,302772073,THEHOMEDEPOT,,KFHQ,0,,,KFNJ,0,,,,,,,,,,,,,
77,77,IN,K6499-B228,No,0,,,,,,,,,,,,,,,,,,,302772074,THEHOMEDEPOT,,KFHQ,0,,,KFNJ,0,,,,,,,,,,,,,
78,78,IN,K6499-B229,Yes,20,,,,,,,,,,,,,,,,,,,302772071,THEHOMEDEPOT,,KFHQ,0,,,KFNJ,0,,,,,,,,,,,,,
79,79,IN,K6499-B247,Yes,93,,,,,,,,,,,,,,,,,,,302772072,THEHOMEDEPOT,,KFHQ,0,,,KFNJ,0,,,,,,,,,,,,,
80,80,IN,K6499-F1598,Yes,66,,,,,Cream Print on Brown Swoop Arm Accent Chair,,,,,,,,,,,,,,306580711,THEHOMEDEPOT,,KFHQ,0,,,KFNJ,0,,,,,,,,,,,,,
81,81,IN,K6499-F2051,Yes,10,,,,,Geometric Navy Classic Swoop Arm Chair,,,,,,,,,,,,,,306580793,THEHOMEDEPOT,,KFHQ,4,,,KFNJ,0,,,,,,,,,,,,,
82,82,IN,K6499-F2055,No,0,,,,,Geometric Light Teal Classic Swoop Arm Chair,,,,,,,,,,,,,,306580797,THEHOMEDEPOT,,KFHQ,0,,,KFNJ,0,,,,,,,,,,,,,
83,83,IN,K6499-F2205,Yes,71,,,,,Linen-look Soft Cream Classic Swoop Arm Accent Chair,,,,,,,,,,,,,,306580714,THEHOMEDEPOT,,KFHQ,0,,,KFNJ,0,,,,,,,,,,,,,
84,84,IN,K6499-F2206,Yes,10,,,,,Linen-look Light Blue Classic Swoop Arm Accent Chair,,,,,,,,,,,,,,306580715,THEHOMEDEPOT,,KFHQ,0,,,KFNJ,0,,,,,,,,,,,,,
85,85,IN,K6499-F2207,No,0,,,,,Linen-look Sand Classic Swoop Arm Accent Chair,,,,,,,,,,,,,,306580744,THEHOMEDEPOT,,KFHQ,0,,,KFNJ,0,,,,,,,,,,,,,
86,86,IN,K6499-F2208,No,0,,,,,Linen-look Charcoal Gray Classic Swoop Arm Accent Chair,,,,,,,,,,,,,,306580746,THEHOMEDEPOT,,KFHQ,0,,,KFNJ,0,,,,,,,,,,,,,
87,87,IN,K6499-F2238,Yes,32,,,,,Ebony Houndstooth Black Classic Swoop Accent Chair,,,,,,,,,,,,,,306580748,THEHOMEDEPOT,,KFHQ,20,,,KFNJ,0,,,,,,,,,,,,,
88,88,IN,K6705A,Yes,10,,,,,,,,,,,,,,,,,,,313018080,THEHOMEDEPOT,,KFHQ,10,,,KFNJ,0,,,,,,,,,,,,,
89,89,IN,K6771-A750,Yes,32,,,,,,,,,,,,,,,,,,,302507440,THEHOMEDEPOT,,KFHQ,10,,,KFNJ,0,,,,,,,,,,,,,
90,90,IN,K6805-A727,Yes,20,,,,,,,,,,,,,,,,,,,303699060,THEHOMEDEPOT,,KFHQ,0,,,KFNJ,0,,,,,,,,,,,,,
91,91,IN,K6805-A750,Yes,10,,,,,Parsons Suri Gray and Light Blue Damask Upholstered Dining Chair Set of 2,,,,,,,,,,,,,,307976257,THEHOMEDEPOT,,KFHQ,0,,,KFNJ,0,,,,,,,,,,,,,
92,92,IN,K6805-A751,Yes,20,,,,,Parsons Yellow and Cream Damask Upholstered Dining Chair Set of 2,,,,,,,,,,,,,,307976258,THEHOMEDEPOT,,KFHQ,0,,,KFNJ,0,,,,,,,,,,,,,
93,93,IN,K6805-A793,Yes,10,,,,,"Parsons Suri Tan, Taupe and Yellow Damask Upholstered Dining Chair Set of 2",,,,,,,,,,,,,,307976252,THEHOMEDEPOT,,KFHQ,10,,,KFNJ,0,,,,,,,,,,,,,
94,94,IN,K6805-A794,Yes,42,,,,,Lexie Parsons Blue Jacobean with Tan/Natural Upholstered Dining Chair Set of 2,,,,,,,,,,,,,,307976253,THEHOMEDEPOT,,KFHQ,0,,,KFNJ,0,,,,,,,,,,,,,
95,95,IN,K6805-A824,No,0,,,,,,,,,,,,,,,,,,,307976273,THEHOMEDEPOT,,KFHQ,0,,,KFNJ,0,,,,,,,,,,,,,
96,96,IN,K6805-A832,Yes,33,,,,,Parsons Grey Medallion Upholstered Dining Chair Set of 2,,,,,,,,,,,,,,307976279,THEHOMEDEPOT,,KFHQ,0,,,KFNJ,0,,,,,,,,,,,,,
97,97,IN,K6805-B214,Yes,20,,,,,Parsons Dove Grey Velvet Upholstered Dining Chair Set of 2,,,,,,,,,,,,,,307976281,THEHOMEDEPOT,,KFHQ,0,,,KFNJ,0,,,,,,,,,,,,,
98,98,IN,K6805-B215,No,0,,,,,Parsons Dark Navy Blue Velvet Upholstered Dining Chair Set of 2,,,,,,,,,,,,,,307976266,THEHOMEDEPOT,,KFHQ,0,,,KFNJ,0,,,,,,,,,,,,,
99,99,IN,K6805-B228,No,0,,,,,Parsons Green Velvet Upholstered Dining Chair (Set of 2),,,,,,,,,,,,,,307976267,THEHOMEDEPOT,,KFHQ,0,,,KFNJ,0,,,,,,,,,,,,,
100,100,IN,K6805-F1565,Yes,20,,,,,Parsons Blue and Cream Upholstered Dining Chair Set of 2,,,,,,,,,,,,,,307976263,THEHOMEDEPOT,,KFHQ,0,,,KFNJ,0,,,,,,,,,,,,,
101,101,IN,K6805-F1569,Yes,10,,,,,Parsons Orange Textured Solid Woven Upholstered Dining Chair Set of 2,,,,,,,,,,,,,,307976264,THEHOMEDEPOT,,KFHQ,0,,,KFNJ,0,,,,,,,,,,,,,
102,102,IN,K6805-F1570,Yes,68,,,,,Parsons Navy Blue Textured Solid Woven Upholstered Dining Chair Set of 2,,,,,,,,,,,,,,307976284,THEHOMEDEPOT,,KFHQ,0,,,KFNJ,0,,,,,,,,,,,,,
103,103,IN,K6805-F2039,Yes,54,,,,,Parsons Cayenne Textured Solid Woven Upholstered Dining Chair,,,,,,,,,,,,,,307976291,THEHOMEDEPOT,,KFHQ,0,,,KFNJ,0,,,,,,,,,,,,,
104,104,IN,K6805-F2051,Yes,44,,,,,Parsons Navy Blue Geo Brights Upholstered Dining Chair Set of 2,,,,,,,,,,,,,,307976292,THEHOMEDEPOT,,KFHQ,0,,,KFNJ,0,,,,,,,,,,,,,
105,105,IN,K6805-F2052,Yes,55,,,,,Parsons Warm Gray and Cream Geo Brights Upholstered Dining Chair Set of 2,,,,,,,,,,,,,,307976293,THEHOMEDEPOT,,KFHQ,0,,,KFNJ,0,,,,,,,,,,,,,
106,106,IN,K6805-F2053,Yes,20,,,,,Parsons Light Green Geo Brights Upholstered Dining Chair Set of 2,,,,,,,,,,,,,,307976286,THEHOMEDEPOT,,KFHQ,0,,,KFNJ,0,,,,,,,,,,,,,
107,107,IN,K6805-F2055,Yes,69,,,,,Parsons Teal Geo Brights Upholstered Dining Chair Set of 2,,,,,,,,,,,,,,307976288,THEHOMEDEPOT,,KFHQ,0,,,KFNJ,0,,,,,,,,,,,,,
108,108,IN,K6805-F2061,Yes,110,,,,,Parsons Pewter Gray and Cream Lattice Upholstered Dining Chair Set of 2,,,,,,,,,,,,,,307976285,THEHOMEDEPOT,,KFHQ,0,,,KFNJ,0,,,,,,,,,,,,,
109,109,IN,K6805-F2062,No,0,,,,,Parsons Navy Blue and Cream Lattice Upholstered Dining Chair (Set of 2),,,,,,,,,,,,,,307976294,THEHOMEDEPOT,,KFHQ,0,,,KFNJ,0,,,,,,,,,,,,,
110,110,IN,K6805-F2063,No,0,,,,,Parsons Blue Shades Modern Greek Key Pattern Upholstered Dining Chair (Set of 2),,,,,,,,,,,,,,307976295,THEHOMEDEPOT,,KFHQ,0,,,KFNJ,0,,,,,,,,,,,,,
111,111,IN,K6805-F2070,Yes,38,,,,,Parsons Gray Textured Solid Woven Upholstered Dining Chair,,,,,,,,,,,,,,307976300,THEHOMEDEPOT,,KFHQ,20,,,KFNJ,0,,,,,,,,,,,,,
112,112,IN,K6805-F2087,Yes,20,,,,,Parsons Blue Textured Solid Woven Upholstered Dining Chair,,,,,,,,,,,,,,307976301,THEHOMEDEPOT,,KFHQ,0,,,KFNJ,0,,,,,,,,,,,,,
113,113,IN,K6805-F2088,Yes,49,,,,,,,,,,,,,,,,,,,307976302,THEHOMEDEPOT,,KFHQ,0,,,KFNJ,0,,,,,,,,,,,,,
114,114,IN,K6805-F2090,No,0,,,,,Parsons Brown Textured Solid Woven Upholstered Dining Chair,,,,,,,,,,,,,,307976303,THEHOMEDEPOT,,KFHQ,0,,,KFNJ,0,,,,,,,,,,,,,
115,115,IN,K6805-F2091,No,0,,,,,Parsons Yellow Textured Solid Woven Upholstered Dining Chair,,,,,,,,,,,,,,307976296,THEHOMEDEPOT,,KFHQ,0,,,KFNJ,0,,,,,,,,,,,,,
116,116,IN,K6805-F2247,No,0,,,,,Parsons Teal Modern Geo Upholstered Dining Chair Set of 2,,,,,,,,,,,,,,307976306,THEHOMEDEPOT,,KFHQ,0,,,KFNJ,0,,,,,,,,,,,,,
117,117,IN,K6813-F1570,Yes,20,,,,,Square Tufted Bench with Wood Apron Navy Blue 18 in. Height X 29.5 in. Width X 24 in. Depth,,,,,,,,,,,,,,314981701,THEHOMEDEPOT,,KFHQ,0,,,KFNJ,0,,,,,,,,,,,,,
118,118,IN,K6813-F2031,Yes,33,,,,,Square Gray Tufted Bench with Wood Apron and Storage 18 in. Height X 29.5 in. Width X 24 in. Depth,,,,,,,,,,,,,,314981724,THEHOMEDEPOT,,KFHQ,0,,,KFNJ,0,,,,,,,,,,,,,
119,119,IN,K6858.24-A750,Yes,151,,,,,Parsons 24 in. Blue Bar Stool,,,,,,,,,,,,,,306903905,THEHOMEDEPOT,,KFHQ,0,,,KFNJ,0,,,,,,,,,,,,,
120,120,IN,K6858.24-A793,Yes,43,,,,,Suri 24 in. Multi Bar Stool,,,,,,,,,,,,,,306903895,THEHOMEDEPOT,,KFHQ,20,,,KFNJ,0,,,,,,,,,,,,,
121,121,IN,K6858.24-A794,Yes,20,,,,,Lexie 24 in. Natural Blue Bar Stool,,,,,,,,,,,,,,306903897,THEHOMEDEPOT,,KFHQ,0,,,KFNJ,0,,,,,,,,,,,,,
122,122,IN,K6858.24-A825,Yes,10,,,,,Parsons 24 in. Gray Lattice Bar Stool,,,,,,,,,,,,,,306903899,THEHOMEDEPOT,,KFHQ,10,,,KFNJ,0,,,,,,,,,,,,,
123,123,IN,K6858.24-A832,Yes,42,,,,,Parsons 24 in. Gray Medallion Bar Stool,,,,,,,,,,,,,,306903889,THEHOMEDEPOT,,KFHQ,20,,,KFNJ,0,,,,,,,,,,,,,
124,124,IN,K6858.24-F1374,No,0,,,,,Upholstered 24 in. Aqua Textured Bar Stool,,,,,,,,,,,,,,306903890,THEHOMEDEPOT,,KFHQ,0,,,KFNJ,0,,,,,,,,,,,,,
125,125,IN,K6858.24-F2051,Yes,56,,,,,Upholstered 24 in. Navy Blue Bar Stool,,,,,,,,,,,,,,306903891,THEHOMEDEPOT,,KFHQ,20,,,KFNJ,0,,,,,,,,,,,,,
126,126,IN,K6858.24-F2052,Yes,10,,,,,Upholstered 24 in. Gray Bar Stool,,,,,,,,,,,,,,306903892,THEHOMEDEPOT,,KFHQ,4,,,KFNJ,0,,,,,,,,,,,,,
127,127,IN,K6858.24-F2246,No,0,,,,,Parsons 24 in. Stone Bar Stool,,,,,,,,,,,,,,306903924,THEHOMEDEPOT,,KFHQ,0,,,KFNJ,0,,,,,,,,,,,,,
128,128,IN,K6858.24-F765,Yes,20,,,,,Upholstered 29 in. Red and Gold Damask Bar Stool,,,,,,,,,,,,,,306903926,THEHOMEDEPOT,,KFHQ,10,,,KFNJ,0,,,,,,,,,,,,,
129,129,IN,K6858.24-F975,Yes,10,,,,,Upholstered 24 in. Brown and Tan Bar Stool,,,,,,,,,,,,,,306903928,THEHOMEDEPOT,,KFHQ,10,,,KFNJ,0,,,,,,,,,,,,,
130,130,IN,K6858.29-A793,Yes,20,,,,,Suri  29 in. Multi Bar Stool,,,,,,,,,,,,,,306903916,THEHOMEDEPOT,,KFHQ,0,,,KFNJ,0,,,,,,,,,,,,,
131,131,IN,K6858.29-A825,No,0,,,,,Parsons 29 in. Tan and Gray Bar Stool,,,,,,,,,,,,,,306903918,THEHOMEDEPOT,,KFHQ,0,,,KFNJ,0,,,,,,,,,,,,,
132,132,IN,K6858.29-F1374,Yes,10,,,,,Upholstered 29 in. Aqua Textured Bar Stool,,,,,,,,,,,,,,306903920,THEHOMEDEPOT,,KFHQ,4,,,KFNJ,0,,,,,,,,,,,,,
133,133,IN,K6858.29-F2051,No,0,,,,,Upholstered 29 in. Navy Blue Bar Stool,,,,,,,,,,,,,,306903922,THEHOMEDEPOT,,KFHQ,0,,,KFNJ,0,,,,,,,,,,,,,
134,134,IN,K6858.29-F2052,Yes,47,,,,,Upholstered 29 in. Gray Bar Stool,,,,,,,,,,,,,,306903912,THEHOMEDEPOT,,KFHQ,20,,,KFNJ,0,,,,,,,,,,,,,
135,135,IN,K6858.29-F2244,No,0,,,,,Textured 29 in. Gray Bar Stool,,,,,,,,,,,,,,306903913,THEHOMEDEPOT,,KFHQ,0,,,KFNJ,0,,,,,,,,,,,,,
136,136,IN,K6858.29-F2246,Yes,20,,,,,Parsons 29 in. NavyBlue Bar Stool,,,,,,,,,,,,,,306903914,THEHOMEDEPOT,,KFHQ,10,,,KFNJ,0,,,,,,,,,,,,,
137,137,IN,K6858.29-F2247,Yes,10,,,,,Parsons 29 in. Textured Teal Bar Stool,,,,,,,,,,,,,,306903945,THEHOMEDEPOT,,KFHQ,0,,,KFNJ,0,,,,,,,,,,,,,
138,138,IN,K6859-A832,Yes,20,,,,,Gray Medallion Barrel Shaped Accent Chair,,,,,,,,,,,,,,306580735,THEHOMEDEPOT,,KFHQ,0,,,KFNJ,0,,,,,,,,,,,,,
139,139,IN,K6859-F1550,No,0,,,,,TealChunky Teal Textured Accent Chair,,,,,,,,,,,,,,306580767,THEHOMEDEPOT,,KFHQ,0,,,KFNJ,0,,,,,,,,,,,,,
140,140,IN,K6859-F1570,Yes,80,,,,,NavyChunky Blue Textured Accent Chair,,,,,,,,,,,,,,306580770,THEHOMEDEPOT,,KFHQ,0,,,KFNJ,0,,,,,,,,,,,,,
141,141,IN,K6859-F2011,No,0,,,,,Flax Brown Textured Polyester Modern Barrel Accent Chair,,,,,,,,,,,,,,306580773,THEHOMEDEPOT,,KFHQ,0,,,KFNJ,0,,,,,,,,,,,,,
142,142,IN,K6859-F2111,No,0,,,,,Charcoal Textured Polyester Modern Barrel Accent Chair,,,,,,,,,,,,,,306580777,THEHOMEDEPOT,,KFHQ,0,,,KFNJ,0,,,,,,,,,,,,,
143,143,IN,K6859-F2141,No,0,,,,,Textured Coral Orange woven Modern Barrel Accent Chair,,,,,,,,,,,,,,306580757,THEHOMEDEPOT,,KFHQ,0,,,KFNJ,0,,,,,,,,,,,,,
144,144,IN,K6861-E846,Yes,10,,,,,Leatherette Large Storage Bench 18 in. H x 42 in. W x 18 in. D,,,,,,,,,,,,,,314981728,THEHOMEDEPOT,,KFHQ,4,,,KFNJ,0,,,,,,,,,,,,,
145,145,IN,K6908-A804,Yes,10,,,,,Distressed Gray Damask Modern Swoop Arm Chair,,,,,,,,,,,,,,306580760,THEHOMEDEPOT,,KFHQ,0,,,KFNJ,0,,,,,,,,,,,,,
146,146,IN,K6908-A839,No,0,,,,,Modern Gray Lattice Modern Swoop Arm Accent Chair,,,,,,,,,,,,,,306580765,THEHOMEDEPOT,,KFHQ,0,,,KFNJ,0,,,,,,,,,,,,,
147,147,IN,K6908-B258,Yes,20,,,,,Swoop Pink Blush Velvet Accent Arm Chair,,,,,,,,,,,,,,314936514,THEHOMEDEPOT,,KFHQ,0,,,KFNJ,0,,,,,,,,,,,,,
148,148,IN,K6908-B268,Yes,20,,,,,Pink Velvet Modern Velvet Swoop Arm Accent Chair,,,,,,,,,,,,,,306580754,THEHOMEDEPOT,,KFHQ,10,,,KFNJ,0,,,,,,,,,,,,,
149,149,IN,K6908-B270,No,0,,,,,Light Aqua Velvet Modern Velvet Swoop Arm Accent Chair,,,,,,,,,,,,,,306580755,THEHOMEDEPOT,,KFHQ,0,,,KFNJ,0,,,,,,,,,,,,,
150,150,IN,K6908-F1540,No,0,,,,,Gray global print Swoop Accent Chair,,,,,,,,,,,,,,306580784,THEHOMEDEPOT,,KFHQ,0,,,KFNJ,0,,,,,,,,,,,,,
151,151,IN,K6908-F2044,No,0,,,,,Light Aqua Woven Modern Swoop Arm Accent Chair,,,,,,,,,,,,,,306580792,THEHOMEDEPOT,,KFHQ,0,,,KFNJ,0,,,,,,,,,,,,,
152,152,IN,K6908-F2230,Yes,20,,,,,Striped Blue Calypso Poly-Linen Modern Swoop Accent Chair,,,,,,,,,,,,,,306580794,THEHOMEDEPOT,,KFHQ,0,,,KFNJ,0,,,,,,,,,,,,,
153,153,IN,K6908-F2231,Yes,47,,,,,Striped Dove Grey Poly-Linen Modern Swoop Accent Chair,,,,,,,,,,,,,,306580796,THEHOMEDEPOT,,KFHQ,0,,,KFNJ,0,,,,,,,,,,,,,
154,154,IN,K6908-F2237,No,0,,,,,,,,,,,,,,,,,,,306580798,THEHOMEDEPOT,,KFHQ,0,,,KFNJ,0,,,,,,,,,,,,,
155,155,IN,K6908-F2244,No,0,,,,,Modern Geo Textured Gray Modern Swoop Accent Chair,,,,,,,,,,,,,,306580788,THEHOMEDEPOT,,KFHQ,0,,,KFNJ,0,,,,,,,,,,,,,
156,156,IN,K6908-F2262,Yes,91,,,,,,,,,,,,,,,,,,,306580789,THEHOMEDEPOT,,KFHQ,0,,,KFNJ,0,,,,,,,,,,,,,
157,157,IN,K6908-F2264,No,0,,,,,Blue Indigo Geo Modern Swoop Arm Accent Chair,,,,,,,,,,,,,,306580790,THEHOMEDEPOT,,KFHQ,0,,,KFNJ,0,,,,,,,,,,,,,
158,158,IN,K6908-F2269,Yes,20,,,,,Blue Buffalo Plaid Modern Swoop Arm Accent Chair,,,,,,,,,,,,,,306580787,THEHOMEDEPOT,,KFHQ,0,,,KFNJ,0,,,,,,,,,,,,,
159,159,IN,K6908-F2270,No,0,,,,,Gray Buffalo Plaid Modern Swoop Arm Accent Chair,,,,,,,,,,,,,,306580710,THEHOMEDEPOT,,KFHQ,0,,,KFNJ,0,,,,,,,,,,,,,
160,160,IN,K6958-B118,No,0,,,,,Cream Tufted Velvet Ottoman,,,,,,,,,,,,,,309827080,THEHOMEDEPOT,,KFHQ,0,,,KFNJ,0,,,,,,,,,,,,,
161,161,IN,K6958-B123,No,0,,,,,,,,,,,,,,,,,,,313035486,THEHOMEDEPOT,,KFHQ,0,,,KFNJ,0,,,,,,,,,,,,,
162,162,IN,K6958-B200,No,0,,,,,,,,,,,,,,,,,,,313035548,THEHOMEDEPOT,,KFHQ,0,,,KFNJ,0,,,,,,,,,,,,,
163,163,IN,K6958-B203,Yes,10,,,,,Teal Tufted Velvet Bench with Gold Metal Frame 17.5 in. Height X 24 in. Width X 16 in. Depth,,,,,,,,,,,,,,313035588,THEHOMEDEPOT,,KFHQ,10,,,KFNJ,0,,,,,,,,,,,,,
164,164,IN,K7052-1501-5,Yes,37,,,,,HomePop Layla Tufted Bench - Natural,,,,,,,,,,,,,,308391520,THEHOMEDEPOT,,KFHQ,20,,,KFNJ,0,,,,,,,,,,,,,
165,165,IN,K7052-1501-7,Yes,30,,,,,HomePop Layla Tufted Bench - Gray,,,,,,,,,,,,,,308391514,THEHOMEDEPOT,,KFHQ,0,,,KFNJ,0,,,,,,,,,,,,,
166,166,IN,K7052-F2208,Yes,20,,,,,HomePop Layla Tufted Bench - Dark Charcoal Gray,,,,,,,,,,,,,,308391512,THEHOMEDEPOT,,KFHQ,0,,,KFNJ,0,,,,,,,,,,,,,
167,167,IN,K7080-799-11,No,0,,,,,Brushed Light Blue Modern Tufted Accent Chair,,,,,,,,,,,,,,306580717,THEHOMEDEPOT,,KFHQ,0,,,KFNJ,0,,,,,,,,,,,,,
168,168,IN,K7116-YDQY-2,Yes,58,,,,,HomePop Draper Large Decorative Bench with Button Tufting - Light Brown Faux Leather,,,,,,,,,,,,,,308391518,THEHOMEDEPOT,,KFHQ,0,,,KFNJ,0,,,,,,,,,,,,,
169,169,IN,K7243,Yes,59,,,,,"HomePop Metal Accent Triangle Gold Base Round Glass Top Table
",,,,,,,,,,,,,,306291008,THEHOMEDEPOT,,KFHQ,30,,,KFNJ,0,,,,,,,,,,,,,
170,170,IN,K7246-J014,No,0,,,,,,,,,,,,,,,,,,,302192857,THEHOMEDEPOT,,KFHQ,0,,,KFNJ,0,,,,,,,,,,,,,
171,171,IN,K7307-F2178,Yes,10,,,,,Tan Kate Tufted Swoop Arm Accent Chair,,,,,,,,,,,,,,306580741,THEHOMEDEPOT,,KFHQ,0,,,KFNJ,0,,,,,,,,,,,,,
172,172,IN,K7378-F1370,No,0,,,,,Large Tufted Storage Bench Deep Gray 18 in. Height X 46 in. Width X 18 in. Depth,,,,,,,,,,,,,,314981734,THEHOMEDEPOT,,KFHQ,0,,,KFNJ,0,,,,,,,,,,,,,
173,173,IN,K7378-F1374,Yes,10,,,,,Large Tufted Storage Bench Teal 18 in. Height X 46 in. Width X 18 in. Depth,,,,,,,,,,,,,,314981717,THEHOMEDEPOT,,KFHQ,0,,,KFNJ,0,,,,,,,,,,,,,
174,174,IN,K7378-F1424,Yes,10,,,,,,,,,,,,,,,,,,,303705281,THEHOMEDEPOT,,KFHQ,10,,,KFNJ,0,,,,,,,,,,,,,
175,175,IN,K7399-B118,Yes,10,,,,,19 in. H  x 19 in. W x 19 in. D White Velvet Round Ottoman,,,,,,,,,,,,,,315663087,THEHOMEDEPOT,,KFHQ,0,,,KFNJ,0,,,,,,,,,,,,,
176,176,IN,K7401-F2060,Yes,38,,,,,18 in. H x 20 in. W x 20 in. D Gray and Cream Awning Stripe Ottoman with Metal X-Base,,,,,,,,,,,,,,315663086,THEHOMEDEPOT,,KFHQ,0,,,KFNJ,0,,,,,,,,,,,,,
177,177,IN,K7446-F2105,Yes,39,,,,,Blake Backless 24 in. Blue Bar Stool,,,,,,,,,,,,,,306903947,THEHOMEDEPOT,,KFHQ,0,,,KFNJ,0,,,,,,,,,,,,,
178,178,IN,K7446-F2176,Yes,20,,,,,Blake Backless 24 in. Blue Bar Stool,,,,,,,,,,,,,,306903949,THEHOMEDEPOT,,KFHQ,10,,,KFNJ,0,,,,,,,,,,,,,
179,179,IN,K7446-F2178,Yes,10,,,,,Blake Backless 24 in. Natural Bar Stool,,,,,,,,,,,,,,306903951,THEHOMEDEPOT,,KFHQ,0,,,KFNJ,0,,,,,,,,,,,,,
180,180,IN,K7446-F2181,No,0,,,,,Blake Backless 24 in. Natural Bar Stool,,,,,,,,,,,,,,306903938,THEHOMEDEPOT,,KFHQ,0,,,KFNJ,0,,,,,,,,,,,,,
181,181,IN,K7446-F2182,Yes,42,,,,,Blake Backless 24 in. Gray Bar Stool,,,,,,,,,,,,,,306903939,THEHOMEDEPOT,,KFHQ,20,,,KFNJ,0,,,,,,,,,,,,,
182,182,IN,K7446-F2183,Yes,10,,,,,Blake Backless 24 in. Gray Bar Stool,,,,,,,,,,,,,,306903941,THEHOMEDEPOT,,KFHQ,0,,,KFNJ,0,,,,,,,,,,,,,
183,183,IN,K7467-B227,Yes,20,,,,,HomePop Faux Fur White Rectangle Bench,,,,,,,,,,,,,,308391511,THEHOMEDEPOT,,KFHQ,10,,,KFNJ,0,,,,,,,,,,,,,
184,184,IN,K7467-B233,Yes,51,,,,,HomePop Faux Fur Rectangle Bench - Pink,,,,,,,,,,,,,,308391513,THEHOMEDEPOT,,KFHQ,20,,,KFNJ,0,,,,,,,,,,,,,
185,185,IN,K7467-B255,Yes,10,,,,,HomePop Velvet Rectangle Bench - Black,,,,,,,,,,,,,,308391504,THEHOMEDEPOT,,KFHQ,4,,,KFNJ,0,,,,,,,,,,,,,
186,186,IN,K7543-F2232,No,0,,,,,HomePop Mid Century Decorative Bench - Ash Grey,,,,,,,,,,,,,,308391505,THEHOMEDEPOT,,KFHQ,0,,,KFNJ,0,,,,,,,,,,,,,
187,187,IN,K7569.29-F1326,Yes,10,,,,,Upholstered 24 in. Sand Bar Stool,,,,,,,,,,,,,,306903943,THEHOMEDEPOT,,KFHQ,10,,,KFNJ,0,,,,,,,,,,,,,
188,188,IN,K7570.24-F1210,Yes,10,,,,,Upholstered 24 in. Seafoan Green Bar Stool,,,,,,,,,,,,,,306903935,THEHOMEDEPOT,,KFHQ,10,,,KFNJ,0,,,,,,,,,,,,,
189,189,IN,K7570.24-F1211,No,0,,,,,Upholstered 24 in. Tan Bar Stool,,,,,,,,,,,,,,306903936,THEHOMEDEPOT,,KFHQ,0,,,KFNJ,0,,,,,,,,,,,,,
190,190,IN,K7570.24-F2105,Yes,20,,,,,Counter stool 24 in. Dark Charcoal Bar Stool,,,,,,,,,,,,,,306903954,THEHOMEDEPOT,,KFHQ,10,,,KFNJ,0,,,,,,,,,,,,,
191,191,IN,K7570.24-F2176,No,0,,,,,Upholstered 24 in. Deep Navy Bar Stool,,,,,,,,,,,,,,306903960,THEHOMEDEPOT,,KFHQ,0,,,KFNJ,0,,,,,,,,,,,,,
192,192,IN,K7570.24-F2178,No,0,,,,,Upholstered 24 in. Tan Bar Stool,,,,,,,,,,,,,,306903961,THEHOMEDEPOT,,KFHQ,0,,,KFNJ,0,,,,,,,,,,,,,
193,193,IN,K7570.24-F2182,No,0,,,,,Upholstered 24 in. Slate Gray Bar Stool,,,,,,,,,,,,,,306903963,THEHOMEDEPOT,,KFHQ,0,,,KFNJ,0,,,,,,,,,,,,,
194,194,IN,K7570.24-F2183,Yes,31,,,,,Upholstered 24 in. Sterling Gray Bar Stool,,,,,,,,,,,,,,306903956,THEHOMEDEPOT,,KFHQ,10,,,KFNJ,0,,,,,,,,,,,,,
195,195,IN,K7572-F2182,Yes,20,,,,,Tara Heathered Gray Bench / Settee with Storage 23 in. H x 50 in. W x 18 in. D,,,,,,,,,,,,,,314981712,THEHOMEDEPOT,,KFHQ,10,,,KFNJ,0,,,,,,,,,,,,,
196,196,IN,K7575-A793,Yes,20,,,,,"Curved Top Parsons Suri Tan, Yellow and Cream Damask Upholstered Dining Chair Set of 2",,,,,,,,,,,,,,307976324,THEHOMEDEPOT,,KFHQ,10,,,KFNJ,0,,,,,,,,,,,,,
197,197,IN,K7575-F2060,No,0,,,,,Curved Top Parsons Gray Stripe Upholstered Dining Chair Set of 2,,,,,,,,,,,,,,307976321,THEHOMEDEPOT,,KFHQ,0,,,KFNJ,0,,,,,,,,,,,,,
198,198,IN,K7575-F2230,Yes,57,,,,,Parsons Blue Calypso Stripe Upholstered Dining Chair (Set of 2),,,,,,,,,,,,,,307976330,THEHOMEDEPOT,,KFHQ,20,,,KFNJ,0,,,,,,,,,,,,,
199,199,IN,K7575-F2231,Yes,39,,,,,Parsons Dove Grey Stripe Upholstered Dining Chair Set of 2,,,,,,,,,,,,,,307976326,THEHOMEDEPOT,,KFHQ,10,,,KFNJ,0,,,,,,,,,,,,,
200,200,IN,K7576.24-A769,Yes,32,,,,,Finley Curvedless 24 in. Gray Bar Stool,,,,,,,,,,,,,,306903957,THEHOMEDEPOT,,KFHQ,10,,,KFNJ,0,,,,,,,,,,,,,
201,201,IN,K7576.24-A793,Yes,10,,,,,Suri Curvedless 24 in. Multi Bar Stool,,,,,,,,,,,,,,306903958,THEHOMEDEPOT,,KFHQ,4,,,KFNJ,0,,,,,,,,,,,,,
202,202,IN,K7576.24-F2060,No,0,,,,,Curved Back 24 in. Grey Stripe Bar Stool,,,,,,,,,,,,,,306903959,THEHOMEDEPOT,,KFHQ,0,,,KFNJ,0,,,,,,,,,,,,,
203,203,IN,K7576.29-F2060,No,0,,,,,Curved Back 29 in. Grey Stripe Bar Stool,,,,,,,,,,,,,,306903955,THEHOMEDEPOT,,KFHQ,0,,,KFNJ,0,,,,,,,,,,,,,
204,204,IN,K7576.29-F2230,Yes,10,,,,,Parsons 29 in. Blue Stripe Bar Stool,,,,,,,,,,,,,,306903887,THEHOMEDEPOT,,KFHQ,0,,,KFNJ,0,,,,,,,,,,,,,
205,205,IN,K7576.29-F2231,Yes,10,,,,,Parsons 29 in. Dove Grey Stripe Bar Stool,,,,,,,,,,,,,,306903888,THEHOMEDEPOT,,KFHQ,0,,,KFNJ,0,,,,,,,,,,,,,
206,206,IN,K7643-F2262,Yes,10,,,,,HomePop Decorative Bench with Wooden Storage - Black Plaid,,,,,,,,,,,,,,308391506,THEHOMEDEPOT,,KFHQ,0,,,KFNJ,0,,,,,,,,,,,,,
207,207,IN,K7643-F2269,No,0,,,,,HomePop Decorative Bench with Wooden Storage - Blue Plaid,,,,,,,,,,,,,,308391516,THEHOMEDEPOT,,KFHQ,0,,,KFNJ,0,,,,,,,,,,,,,
208,208,IN,K7651.24-F1552,Yes,40,,,,,Open Back Metal  24 in. Brown Bar Stool,,,,,,,,,,,,,,306903902,THEHOMEDEPOT,,KFHQ,20,,,KFNJ,0,,,,,,,,,,,,,
209,209,IN,K7651.24-F1553,Yes,54,,,,,Open Back Metal  24 in. Natural Bar Stool,,,,,,,,,,,,,,306903904,THEHOMEDEPOT,,KFHQ,20,,,KFNJ,0,,,,,,,,,,,,,
210,210,IN,K7651.24-F1554,No,0,,,,,Open Back Metal  24 in. Light Gray Bar Stool,,,,,,,,,,,,,,306903906,THEHOMEDEPOT,,KFHQ,0,,,KFNJ,0,,,,,,,,,,,,,
211,211,IN,K7651.24-F2261,Yes,10,,,,,Open Back 24 in. Wicker Grey  Bar Stool,,,,,,,,,,,,,,306903894,THEHOMEDEPOT,,KFHQ,0,,,KFNJ,0,,,,,,,,,,,,,
212,212,IN,K7651.24-F2267,No,0,,,,,Open Back 24 in. Onyx Bar Stool,,,,,,,,,,,,,,306903896,THEHOMEDEPOT,,KFHQ,0,,,KFNJ,0,,,,,,,,,,,,,
213,213,IN,K7683-F2176,Yes,46,,,,,Swoop Deep Navy with Nailhead Trim Accent Chair,,,,,,,,,,,,,,306580758,THEHOMEDEPOT,,KFHQ,20,,,KFNJ,0,,,,,,,,,,,,,
214,214,IN,K7693-F2262,Yes,118,,,,,Parsons Buffalo Black Plaid Upholstered Dining Chair (Set of-2),,,,,,,,,,,,,,307976328,THEHOMEDEPOT,,KFHQ,30,,,KFNJ,0,,,,,,,,,,,,,
215,215,IN,K7693-F2269,Yes,20,,,,,Parsons Blue Buffalo Plaid Upholstered Dining Chair Set of 2,,,,,,,,,,,,,,307976329,THEHOMEDEPOT,,KFHQ,10,,,KFNJ,0,,,,,,,,,,,,,
216,216,IN,K7693-F2270,Yes,36,,,,,Parsons Buffalo Grey Plaid Upholstered Dining Chair (Set of-2),,,,,,,,,,,,,,307976332,THEHOMEDEPOT,,KFHQ,0,,,KFNJ,0,,,,,,,,,,,,,
217,217,IN,K7699.24-F2262,No,0,,,,,Square 24 in. Black Plaid Bar Stool,,,,,,,,,,,,,,306903898,THEHOMEDEPOT,,KFHQ,0,,,KFNJ,0,,,,,,,,,,,,,
218,218,IN,K7699.24-F2269,No,0,,,,,Square 24 in. Blue Plaid Bar Stool,,,,,,,,,,,,,,306903900,THEHOMEDEPOT,,KFHQ,0,,,KFNJ,0,,,,,,,,,,,,,
219,219,IN,K7700-F2280,No,0,,,,,Dinah Modern Navy Upholstered Dining Chair Set of 2,,,,,,,,,,,,,,307976331,THEHOMEDEPOT,,KFHQ,0,,,KFNJ,0,,,,,,,,,,,,,
220,220,IN,K7701.24-A839,No,0,,,,,Dinah 24 in. Grey Lattice Bar Stool,,,,,,,,,,,,,,306903911,THEHOMEDEPOT,,KFHQ,0,,,KFNJ,0,,,,,,,,,,,,,
221,221,IN,K7701.24-A840,No,0,,,,,Dinah 24 in. Orange Bar Stool,,,,,,,,,,,,,,306903923,THEHOMEDEPOT,,KFHQ,0,,,KFNJ,0,,,,,,,,,,,,,
222,222,IN,K7701.24-F2280,Yes,10,,,,,Dinah 24 in. Grey Lattice Bar Stool,,,,,,,,,,,,,,306903925,THEHOMEDEPOT,,KFHQ,0,,,KFNJ,0,,,,,,,,,,,,,
223,223,IN,K7701.24-F2281,Yes,20,,,,,Dinah 24 in. Navy Blue Bar Stool,,,,,,,,,,,,,,306903927,THEHOMEDEPOT,,KFHQ,0,,,KFNJ,0,,,,,,,,,,,,,
224,224,IN,K7701.24-F2283,No,0,,,,,Dinah 24 in. Brown Bar Stool,,,,,,,,,,,,,,306903917,THEHOMEDEPOT,,KFHQ,0,,,KFNJ,0,,,,,,,,,,,,,
225,225,IN,K7746-F2294,No,0,,,,,Chevron Textured Gray Armless Accent Chair,,,,,,,,,,,,,,306580782,THEHOMEDEPOT,,KFHQ,0,,,KFNJ,0,,,,,,,,,,,,,
226,226,IN,K7802-YDQY-2,Yes,10,,,,,18 in. H x 57.50 in. W x 27.75 in. D Draper Light Brown Faux Leather Large Decorative Bench/Ottoman,,,,,,,,,,,,,,314975720,THEHOMEDEPOT,,KFHQ,10,,,KFNJ,0,,,,,,,,,,,,,
227,227,IN,K8536-B302,Yes,20,,,,,Sherpa Gray Accent Chair,,,,,,,,,,,,,,314937885,THEHOMEDEPOT,,KFHQ,10,,,KFNJ,0,,,,,,,,,,,,,
228,228,IN,K8536-B303,No,0,,,,,Sherpa Cream Accent Chair,,,,,,,,,,,,,,314937969,THEHOMEDEPOT,,KFHQ,0,,,KFNJ,0,,,,,,,,,,,,,
229,229,IN,K8537-B305,Yes,10,,,,,Gray Tufted Ottoman with Black Metal and Honey Oak Wood Legs with Storage 20 in. H x 30 in. W x 30 in. D,,,,,,,,,,,,,,315663084,THEHOMEDEPOT,,KFHQ,2,,,KFNJ,0,,,,,,,,,,,,,
230,230,IN,N4538-E608,Yes,36,,,,,,,,,,,,,,,,,,,303705470,THEHOMEDEPOT,,KFHQ,20,,,KFNJ,0,,,,,,,,,,,,,
231,231,IN,N6196-E074,Yes,20,,,,,Large Brown Faux Leather Tufted Bench with Storage 18 in. H x 43 in. W X 22 in. D,,,,,,,,,,,,,,314981708,THEHOMEDEPOT,,KFHQ,10,,,KFNJ,0,,,,,,,,,,,,,
232,232,IN,N6302-F1550,Yes,20,,,,,Chunky Textured Teal Decorative Bench with Storage 18 in. Height X 40 in. Width X 18.5 in. Depth,,,,,,,,,,,,,,314981704,THEHOMEDEPOT,,KFHQ,10,,,KFNJ,0,,,,,,,,,,,,,
233,233,IN,N6302-F1569,No,0,,,,,Chunky Textured Mango Coral Decorative Bench with Storage 18 in. Height X 40 in. Width X 18.5 in. Depth,,,,,,,,,,,,,,314981722,THEHOMEDEPOT,,KFHQ,0,,,KFNJ,0,,,,,,,,,,,,,
234,234,IN,N6302-F1570,No,0,,,,,Chunky Textured Navy Blue Decorative Bench with Storage 18 in. Height X 40 in. Width X 18.5 in. Depth,,,,,,,,,,,,,,314981727,THEHOMEDEPOT,,KFHQ,0,,,KFNJ,0,,,,,,,,,,,,,
235,235,IN,N6337-F1337,Yes,30,,,,,Multi Parson Chair,,,,,,,,,,,,,,306580783,THEHOMEDEPOT,,KFHQ,20,,,KFNJ,0,,,,,,,,,,,,,
236,236,IN,N6354-A708,Yes,56,,,,,Parsons Deluxe Multi-Color Ikat Upholstered Dining Chair Set of 2,,,,,,,,,,,,,,307976243,THEHOMEDEPOT,,KFHQ,0,,,KFNJ,0,,,,,,,,,,,,,
237,237,IN,N6354-E073,No,0,,,,,Parsons Black Faux Leather Upholstered Dining Chair Set of 2,,,,,,,,,,,,,,307976244,THEHOMEDEPOT,,KFHQ,0,,,KFNJ,0,,,,,,,,,,,,,
238,238,IN,N6354-F1423,Yes,80,,,,,Parsons Multi-Color Medallion Woven Upholstered Dining Chair Set of 2,,,,,,,,,,,,,,307976250,THEHOMEDEPOT,,KFHQ,20,,,KFNJ,0,,,,,,,,,,,,,
239,239,IN,N6354-F354,No,0,,,,,Parsons Leopard Upholstered Dining Chair Set of 2,,,,,,,,,,,,,,307976251,THEHOMEDEPOT,,KFHQ,0,,,KFNJ,0,,,,,,,,,,,,,
240,240,IN,N6354-F827,No,0,,,,,Parsons Blue and Brown Paisley Medallion Upholstered Dining Chair Set of 2,,,,,,,,,,,,,,307976239,THEHOMEDEPOT,,KFHQ,0,,,KFNJ,0,,,,,,,,,,,,,
241,241,IN,N7718-F1158,Yes,20,,,,,Carolina Tufted Bench With Nailhead Trim,,,,,,,,,,,,,,308391522,THEHOMEDEPOT,,KFHQ,10,,,KFNJ,0,,,,,,,,,,,,,
242,242,IN,N8264-F1044,Yes,20,,,,,,,,,,,,,,,,,,,303705486,THEHOMEDEPOT,,KFHQ,0,,,KFNJ,0,,,,,,,,,,,,,
243,243,IN,N8264-F1077,Yes,20,,,,,,,,,,,,,,,,,,,303705500,THEHOMEDEPOT,,KFHQ,0,,,KFNJ,0,,,,,,,,,,,,,
